"Name","Frequency"
"LIAM",838
"ETHAN",820
"LUCAS",803
"NOAH",795
"BENJAMIN",755
"JACOB",702
"WILLIAM",695
"NATHAN",634
"MASON",627
"ALEXANDER",599
"LOGAN",583
"DANIEL",548
"OWEN",543
"JACK",531
"JAMES",517
"JACKSON",502
"CARTER",500
"JOSHUA",490
"MATTHEW",472
"RYAN",451
"OLIVER",408
"SAMUEL",406
"MICHAEL",401
"EVAN",400
"HUNTER",394
"GABRIEL",392
"ADAM",377
"JAYDEN",370
"AIDEN",361
"THOMAS",340
"DYLAN",337
"NICHOLAS",337
"ANDREW",328
"ISAAC",325
"DAVID",322
"HENRY",314
"JOSEPH",311
"JAXON",301
"HUDSON",300
"COLTON",295
"CALEB",290
"ZACHARY",287
"LUKE",283
"CAMERON",278
"AUSTIN",271
"CONNOR",270
"NOLAN",270
"SEBASTIAN",268
"BLAKE",265
"TYLER",264
"GAVIN",260
"XAVIER",257
"ANTHONY",256
"ELIJAH",251
"JOHN",248
"GRAYSON",247
"MUHAMMAD",245
"TRISTAN",231
"CHASE",228
"CHRISTIAN",228
"LINCOLN",217
"LUCA",210
"BRAYDEN",207
"PARKER",207
"DOMINIC",206
"COLE",204
"CHARLES",202
"MARCUS",202
"WYATT",200
"AARON",199
"DECLAN",199
"JORDAN",197
"NATHANIEL",197
"CHRISTOPHER",193
"JONATHAN",192
"LEO",190
"LANDON",187
"EMMETT",178
"BENTLEY",176
"LEVI",175
"JULIAN",173
"MAX",172
"MAXWELL",169
"RYDER",169
"JAXSON",168
"ISAIAH",167
"JACE",166
"HAYDEN",165
"JASON",160
"ADRIAN",156
"COOPER",154
"ELI",154
"CARSON",153
"JASE",153
"ALI",148
"MATTEO",148
"EASTON",145
"ROBERT",145
"SPENCER",144
"JAKE",143
"CHARLIE",141
"JUSTIN",139
"ERIC",137
"RILEY",136
"KYLE",135
"TYSON",133
"WESLEY",132
"BRANDON",131
"BRODY",131
"MATEO",128
"THEODORE",128
"AIDAN",124
"ALEX",124
"MYLES",123
"SIMON",123
"SAWYER",122
"GEORGE",121
"PETER",121
"LUKAS",120
"JEREMY",119
"REID",118
"VINCENT",113
"HARRISON",112
"NICOLAS",111
"PATRICK",106
"MARK",103
"ELLIOT",102
"FELIX",102
"BENNETT",101
"GREYSON",101
"ASHER",100
"ASHTON",99
"COHEN",98
"KALEB",98
"MILES",97
"OMAR",97
"IBRAHIM",96
"RYKER",96
"KAYDEN",94
"ROWAN",94
"KEVIN",93
"JONAH",92
"ANTONIO",91
"JEREMIAH",91
"PRESTON",91
"FINN",89
"KAI",89
"EVERETT",88
"MOHAMMAD",88
"IAN",87
"AYDEN",85
"EDWARD",85
"JESSE",85
"MICAH",85
"COLIN",83
"MAXIMUS",83
"OSCAR",82
"ELLIOTT",81
"WESTON",81
"AYAAN",80
"ELIAS",80
"SILAS",80
"CALLUM",79
"QUINN",79
"GRIFFIN",78
"JOSIAH",78
"DAMIAN",77
"DANTE",76
"SYED",76
"AVERY",75
"BRADY",75
"EMERSON",75
"JASPER",74
"SETH",74
"ABDULLAH",72
"BRYSON",72
"JAX",71
"JOEL",71
"YUSUF",71
"CAMDEN",70
"MALCOLM",69
"BRADLEY",68
"KAIDEN",68
"DAMIEN",67
"KEEGAN",67
"RYLAN",67
"CALVIN",66
"DEAN",66
"HAMZA",66
"BRYCE",64
"JADEN",64
"TIMOTHY",63
"JUDE",62
"MOHAMED",62
"ARJUN",61
"BRIAN",61
"IVAN",61
"JAYCE",61
"KIERAN",61
"PAUL",61
"AHMED",60
"ARMAAN",60
"EZRA",60
"TRAVIS",60
"CLARK",59
"LUKA",59
"MAVERICK",58
"ARTHUR",57
"MOHAMMED",56
"ROMAN",56
"AARAV",55
"DAWSON",55
"DEXTER",55
"EMMANUEL",55
"MARCO",55
"NASH",55
"RICHARD",55
"STEVEN",55
"VICTOR",55
"RHYS",54
"SEAN",54
"PHOENIX",52
"AHMAD",51
"CAYDEN",51
"COLBY",51
"KADEN",51
"MAXIM",51
"ARYAN",50
"CODY",50
"KINGSTON",50
"MALIK",50
"MUSTAFA",50
"RAYAN",50
"ALEXANDRE",49
"JAKOB",49
"EWAN",48
"MARTIN",48
"RONAN",48
"ZAIN",48
"ABEL",47
"ARCHER",47
"KIAN",47
"MARSHALL",47
"XANDER",47
"CRUZ",46
"LEONARDO",46
"ZANDER",46
"DARIUS",45
"DESMOND",45
"HOLDEN",45
"HUGO",45
"MADDOX",44
"BROCK",43
"DAMON",43
"ERIK",43
"OLIVIER",43
"SHAWN",43
"DEVIN",42
"GAGE",42
"HASSAN",42
"KEATON",42
"LOUIS",42
"MALACHI",42
"MASSIMO",42
"MILAN",42
"TANNER",42
"DEREK",41
"FÉLIX",41
"RORY",41
"STEPHEN",41
"AMIR",40
"FRANCESCO",40
"LACHLAN",40
"SAM",40
"ANDY",39
"BEN",39
"CLAYTON",39
"NIXON",39
"FRANCIS",38
"JULIEN",38
"MIGUEL",38
"NICO",38
"QUINTON",38
"ADRIANO",37
"BECKETT",37
"GRANT",37
"JOHNATHAN",37
"KINGSLEY",37
"LORENZO",37
"MAXIME",37
"MILO",37
"NIKOLAS",37
"ANDERSON",36
"ANDRE",36
"CASH",36
"DARREN",36
"EDWIN",36
"MARKUS",36
"RAYMOND",36
"SEBASTIEN",36
"THEO",36
"YOUSEF",36
"ATTICUS",35
"BRENDAN",35
"DALLAS",35
"EZEKIEL",35
"KRISH",35
"QUENTIN",35
"ROCCO",35
"SANTIAGO",35
"TUCKER",35
"ZACKARY",35
"ABDUL",34
"ARI",34
"CADEN",34
"DUNCAN",34
"FINLEY",34
"JUDAH",34
"LANDEN",34
"LOCHLAN",34
"PHILIP",34
"ZAYDEN",34
"ZAYN",34
"CORBIN",33
"DANNY",33
"MITCHELL",33
"NIKO",33
"SKYLER",33
"ZANE",33
"CRISTIANO",32
"DENNIS",32
"GRAHAM",32
"RAPHAEL",32
"RIVER",32
"BEAU",31
"CRISTIAN",31
"CURTIS",31
"REED",31
"SAHIB",31
"TROY",31
"YAHYA",31
"ALESSANDRO",30
"BENSON",30
"ELLIS",30
"GIANLUCA",30
"JARED",30
"MATIAS",30
"ODIN",30
"SCOTT",30
"SHANE",30
"TIAGO",30
"TY",30
"YUVRAJ",30
"ADEN",29
"ARLO",29
"BRYAN",29
"COLTEN",29
"DREW",29
"ISA",29
"JEFFREY",29
"KAREEM",29
"KOLTON",29
"MATHEW",29
"MAXIMILIAN",29
"NEIL",29
"PEYTON",29
"TRENT",29
"ALEC",28
"BRENNAN",28
"DEVON",28
"GIDEON",28
"JAIDEN",28
"KARSON",28
"KENNETH",28
"KHALID",28
"MUSA",28
"AYDIN",27
"BILAL",27
"CYRUS",27
"DUSTIN",27
"FRANK",27
"GORDON",27
"HADI",27
"LANDYN",27
"LELAND",27
"LEON",27
"RAYYAN",27
"ROMEO",27
"TOBIAS",27
"ALLEN",26
"ANGAD",26
"BRAEDEN",26
"GRADY",26
"GREGORY",26
"JAXEN",26
"JULIUS",26
"KEENAN",26
"SULLIVAN",26
"TREVOR",26
"UMAR",26
"VIHAAN",26
"VINCENZO",26
"ABRAHAM",25
"ANGELO",25
"CARLOS",25
"DOMINIK",25
"HASAN",25
"LENNON",25
"MORGAN",25
"ROHAN",25
"ALEJANDRO",24
"ANGUS",24
"AYAN",24
"BRONSON",24
"DAXTON",24
"HUGH",24
"JAY",24
"KYLER",24
"MAKSIM",24
"MATHIAS",24
"RAFAEL",24
"RAIDEN",24
"STEFAN",24
"TAHA",24
"TAYLOR",24
"ALAN",23
"ARNAV",23
"AUGUST",23
"BRAXTON",23
"CAIDEN",23
"DOMENIC",23
"IMRAN",23
"JAYLEN",23
"JOEY",23
"JONAS",23
"KABIR",23
"KARTER",23
"RONIN",23
"TATE",23
"ALBERT",22
"ANTOINE",22
"BRUCE",22
"CALLAN",22
"FILIP",22
"ISHAAN",22
"JAMESON",22
"JAMIE",22
"JENSEN",22
"JETT",22
"KANE",22
"SÉBASTIEN",22
"TONY",22
"ALESSIO",21
"ARVIN",21
"AXEL",21
"BRADEN",21
"CASEY",21
"EMANUEL",21
"EMERY",21
"KEITH",21
"KOHEN",21
"LENNOX",21
"MADDEN",21
"MARCEL",21
"MARKO",21
"PHILLIP",21
"PRINCE",21
"RUSSELL",21
"TOBY",21
"WINSTON",21
"ZAKARIYA",21
"ZAYD",21
"ZION",21
"AARYAN",20
"ADRIEN",20
"ALEKSANDAR",20
"ALVIN",20
"ANDREAS",20
"ARMAN",20
"BOWEN",20
"BRANTLEY",20
"EDISON",20
"FREDERICK",20
"GARRETT",20
"GIOVANNI",20
"GRAEME",20
"HARRY",20
"HUSSEIN",20
"LAWRENCE",20
"NELSON",20
"STANLEY",20
"SUBHAN",20
"TALON",20
"WALKER",20
"YOUSUF",20
"AMARI",19
"ANSON",19
"DANIYAL",19
"DAVIS",19
"DEACON",19
"EMILIO",19
"JOHNNY",19
"JOSH",19
"KELLAN",19
"KENDRICK",19
"LEANDRO",19
"LEWIS",19
"LUC",19
"MALAKAI",19
"MEMPHIS",19
"MIKAEL",19
"MILLER",19
"NATHANAEL",19
"NIKOLA",19
"NOEL",19
"SOLOMON",19
"CHANCE",18
"CONNER",18
"DIEGO",18
"EESA",18
"FLETCHER",18
"GRAYDON",18
"JAYSON",18
"KURTIS",18
"LANCE",18
"MATHIS",18
"PAXTON",18
"PIERCE",18
"QUINTIN",18
"REMY",18
"ROY",18
"WALTER",18
"YASEEN",18
"YOUSSEF",18
"AARIZ",17
"ALEXIS",17
"AMMAR",17
"ARIAN",17
"BRETT",17
"CALLEN",17
"CONOR",17
"COREY",17
"DARIO",17
"FATEH",17
"HENRI",17
"JAD",17
"KHALIL",17
"KNOX",17
"KRISTIAN",17
"LOÏC",17
"LONDON",17
"LUIS",17
"MARIO",17
"MOSES",17
"NATE",17
"ROSS",17
"ROYCE",17
"RYLAND",17
"TRENTON",17
"TREY",17
"WADE",17
"WARREN",17
"ANISH",16
"ARHAM",16
"CHRIS",16
"DAKOTA",16
"DANE",16
"DOMINICK",16
"FINNEGAN",16
"GIUSEPPE",16
"HASHIM",16
"HUSSAIN",16
"JERRY",16
"JOHAN",16
"JOVAN",16
"KEAGAN",16
"KOEN",16
"MARC",16
"MAREK",16
"NICKOLAS",16
"ORION",16
"ROWEN",16
"SAMI",16
"SAMSON",16
"TITUS",16
"TOMMY",16
"WILLEM",16
"WILSON",16
"ZAYAN",16
"ALEKSANDER",15
"ANTON",15
"ARIE",15
"AVI",15
"BRODIE",15
"CAELAN",15
"CALUM",15
"CEDRIC",15
"CORY",15
"DAVIN",15
"DILLON",15
"DRAKE",15
"FINLAY",15
"GARY",15
"HARRIS",15
"ISAAK",15
"JOAQUIN",15
"KAEDEN",15
"KAEL",15
"KARIM",15
"KOBE",15
"LAWSON",15
"LINDEN",15
"LUCIANO",15
"MIKHAIL",15
"QASIM",15
"RAY",15
"ROLAND",15
"SAMEER",15
"SYLAS",15
"ZACK",15
"ZAID",15
"AAYAN",14
"AFFAN",14
"AJAY",14
"ANAS",14
"ASHWIN",14
"AZAAN",14
"BRAYDON",14
"BRYCEN",14
"CAMPBELL",14
"DENVER",14
"DIMITRI",14
"DION",14
"DOUGLAS",14
"ENZO",14
"FARHAN",14
"FINNLEY",14
"GIBSON",14
"GURSHAN",14
"ISMAIL",14
"KARL",14
"LEIF",14
"MALEK",14
"MANRAJ",14
"MATTHIAS",14
"PAOLO",14
"PORTER",14
"RAYAAN",14
"SEAMUS",14
"SHAYAN",14
"TENZIN",14
"TERRANCE",14
"TERRENCE",14
"TOMAS",14
"VEER",14
"ABBAS",13
"ABRAM",13
"ACE",13
"ARJAN",13
"ARON",13
"BRUNO",13
"CHACE",13
"COLLIN",13
"DARSH",13
"DERRICK",13
"DHRUV",13
"DONOVAN",13
"EASON",13
"FAISAL",13
"FLYNN",13
"HENDRIK",13
"IDRIS",13
"ILYAS",13
"ISRAEL",13
"ISSAC",13
"JAKUB",13
"JAXXON",13
"JEROME",13
"JUAN",13
"JUSTICE",13
"KODY",13
"NIKHIL",13
"ORLANDO",13
"QUINTEN",13
"RAYDEN",13
"REHAN",13
"RIAN",13
"THÉO",13
"TRYSTAN",13
"YAZAN",13
"YOUSIF",13
"ZAKARIA",13
"ADRIEL",12
"ALISTAIR",12
"AMEER",12
"ANGEL",12
"BRANDEN",12
"CARL",12
"CARMELO",12
"CIAN",12
"CIARAN",12
"DARIAN",12
"DARWIN",12
"DEV",12
"DEVEN",12
"DONALD",12
"DORIAN",12
"HARIS",12
"HARLEY",12
"HARVEY",12
"HENRIK",12
"IBRAHEEM",12
"ISSA",12
"JAMAL",12
"JAN",12
"KADE",12
"KAMERON",12
"KEON",12
"KYE",12
"KYRIE",12
"LANE",12
"LAYNE",12
"MACKENZIE",12
"MAHMOUD",12
"NIGEL",12
"NIKOLAI",12
"REUBEN",12
"RICKY",12
"ROGER",12
"RYERSON",12
"SAHIL",12
"SALMAN",12
"SANTINO",12
"SHAAN",12
"SIDNEY",12
"SIMEON",12
"SKYLAR",12
"STERLING",12
"USMAN",12
"ZACHARIAH",12
"ADITYA",11
"ADNAN",11
"AIKAM",11
"ALDEN",11
"AUSTEN",11
"BROOKS",11
"BRYDEN",11
"BYRON",11
"CÉDRIC",11
"CORNELIUS",11
"CULLEN",11
"DARCY",11
"DAX",11
"DOMENICO",11
"DUKE",11
"EMMITT",11
"FABIAN",11
"FRANCISCO",11
"GRAYDEN",11
"GRAYSEN",11
"GURMAN",11
"GURSHAAN",11
"HANK",11
"HAROON",11
"HEATH",11
"HEINRICH",11
"JALEN",11
"JAMISON",11
"JASRAJ",11
"JAYDON",11
"JÉRÉMIE",11
"JIMMY",11
"KARAM",11
"KING",11
"KOLE",11
"KORBIN",11
"KYMANI",11
"LYAM",11
"MAGNUS",11
"MARCOS",11
"MARLEY",11
"MATHÉO",11
"MAYSON",11
"OAKLEY",11
"OM",11
"PABLO",11
"REECE",11
"REESE",11
"REYANSH",11
"RISHAAN",11
"RISHI",11
"SACHIN",11
"SAIF",11
"SALEH",11
"SASHA",11
"SEHAJ",11
"TOM",11
"VAN",11
"ZACKERY",11
"AARUSH",10
"ABDULRAHMAN",10
"ABDURRAHMAN",10
"ALLAN",10
"BOSTON",10
"CADE",10
"CASSIUS",10
"COBY",10
"COLSON",10
"CONRAD",10
"DANILO",10
"DEANDRE",10
"DENZEL",10
"DWAYNE",10
"EDDY",10
"EDGAR",10
"ELIOT",10
"ÉMILE",10
"EMMET",10
"ENOCH",10
"ESHAN",10
"FARIS",10
"FIONN",10
"FOSTER",10
"FRASER",10
"GIULIANO",10
"GURFATEH",10
"HUMZA",10
"JETHRO",10
"KAVIN",10
"KELVIN",10
"KHALED",10
"KISHAN",10
"KOLBY",10
"KONSTANTINOS",10
"KRISTOPHER",10
"MAAZ",10
"MATEUS",10
"MEKHI",10
"MIKAEEL",10
"NOAM",10
"PASCAL",10
"PHILIPPE",10
"RANVEER",10
"RAYHAN",10
"REILLY",10
"REMINGTON",10
"RICARDO",10
"SHAUN",10
"SHAYNE",10
"SHEA",10
"SHELDON",10
"SULTAN",10
"TYE",10
"URIAH",10
"VALENTINO",10
"VAUGHN",10
"VIKTOR",10
"VIVAAN",10
"AKASH",9
"ALARIC",9
"AMIN",9
"AMOS",9
"ANDRÉ",9
"ANTONY",9
"ARTIN",9
"AXTON",9
"AYMAN",9
"AYOUB",9
"BABY",9
"BRAIDEN",9
"BRENDEN",9
"CAIUS",9
"CASPER",9
"CHAYCE",9
"CROSBY",9
"DAYTON",9
"DENIS",9
"EDDIE",9
"ELYAS",9
"EUAN",9
"GIACOMO",9
"GIANNI",9
"HARLAN",9
"HASHIR",9
"HENDRIX",9
"HIMMAT",9
"HUZAIFA",9
"ISHAN",9
"ISMAEL",9
"JAXX",9
"JEEVAN",9
"JOSE",9
"JUSTUS",9
"KARAN",9
"KIRAN",9
"KIYAN",9
"KONNOR",9
"LAZAR",9
"LEE",9
"LÉO",9
"LEONARD",9
"LEONIDAS",9
"LIONEL",9
"LUCIAN",9
"MAHAD",9
"MAHDI",9
"MANUEL",9
"MATHIEU",9
"MATTIAS",9
"MEIR",9
"MERRICK",9
"MIKAIL",9
"NEHEMIAH",9
"NIHAL",9
"OSKAR",9
"PIERRE",9
"PRANAV",9
"ROBIN",9
"RUDRA",9
"RYLEY",9
"SAAD",9
"SAGE",9
"SONNY",9
"STEFANO",9
"SULAIMAN",9
"TATUM",9
"TERENCE",9
"TERRY",9
"THÉODORE",9
"TRISTEN",9
"ZAKARY",9
"ZAKI",9
"ZAVIER",9
"ZAYNE",9
"ZECHARIAH",9
"ZEV",9
"ADDISON",8
"AEDAN",8
"AGAM",8
"ALEXY",8
"ANSH",8
"ARES",8
"ARMIN",8
"ARSH",8
"ATLAS",8
"AYDAN",8
"AYUSH",8
"BENNY",8
"BLAINE",8
"BLAZE",8
"BO",8
"BRYSEN",8
"CAEL",8
"CAIRO",8
"CALE",8
"CASON",8
"COEN",8
"DANIAL",8
"DONTAE",8
"DRAYDEN",8
"EKAM",8
"ELVIS",8
"ÉTIENNE",8
"EVANDER",8
"FRANKLIN",8
"IZAIAH",8
"JACKY",8
"JADON",8
"JAGGER",8
"JAXTON",8
"JAYDAN",8
"JEDIDIAH",8
"JERICHO",8
"JIBRIL",8
"JOHNSON",8
"KAYLEB",8
"KENAN",8
"LOÏK",8
"LOUKA",8
"LUIGI",8
"MAHIR",8
"MELVIN",8
"MIR",8
"MOHAMAD",8
"MONTGOMERY",8
"MOSHE",8
"MUHAMMED",8
"MURTAZA",8
"NEEL",8
"NICK",8
"NORMAN",8
"PEDRO",8
"RAJVEER",8
"RICO",8
"SHAYAAN",8
"SHIVAM",8
"SIDDHARTH",8
"SOREN",8
"STEPHAN",8
"TEAGAN",8
"THIAGO",8
"TITAN",8
"TYRESE",8
"VED",8
"VIKRAM",8
"VIRAJ",8
"VLADIMIR",8
"WAYLON",8
"WAYNE",8
"YASH",8
"YOSEF",8
"ZAIDEN",8
"ABDULAZIZ",7
"ACHILLES",7
"ALEXANDROS",7
"ALFRED",7
"ALIJAH",7
"AMAAN",7
"ANDRES",7
"APOLLO",7
"ARAV",7
"ARIEL",7
"ARYA",7
"AUGUSTINE",7
"AUGUSTUS",7
"AVIRAJ",7
"AZARIAH",7
"BAILEY",7
"BANE",7
"BARRETT",7
"BASIL",7
"BECKHAM",7
"BENICIO",7
"BLAIR",7
"BLAISE",7
"BRENT",7
"CARMINE",7
"CHAYSE",7
"CONSTANTINE",7
"DAMEN",7
"DARRYL",7
"DEKLAN",7
"DEVAN",7
"EDEN",7
"ELVIN",7
"EMRE",7
"ESSA",7
"FERNANDO",7
"FINDLEY",7
"FRANCO",7
"FRANZ",7
"GABRIELE",7
"GERALD",7
"GIAN",7
"GIORGIO",7
"GURTAJ",7
"HARJAS",7
"HARPER",7
"HAVEN",7
"HOWARD",7
"HUXLEY",7
"JACQUES",7
"JAHSIAH",7
"JASKIRAT",7
"JAVIER",7
"JEFFERSON",7
"JÉRÉMY",7
"JOSEF",7
"JUNIOR",7
"KAELEN",7
"KALE",7
"KALLEN",7
"KARMAN",7
"KASH",7
"KAYNE",7
"KELLEN",7
"KENT",7
"LARRY",7
"LAURENT",7
"LEVON",7
"LYNDON",7
"MADDEX",7
"MAKS",7
"MANAV",7
"MARCELO",7
"MAXIMILLIAN",7
"MAXX",7
"MEHTAB",7
"MICHAL",7
"MICHEAL",7
"MOHID",7
"NIALL",7
"NIKKO",7
"NIKOLAOS",7
"NOOR",7
"OMER",7
"OTIS",7
"PRINCETON",7
"QUINCY",7
"RADIN",7
"RAPHAËL",7
"REGINALD",7
"RÉMI",7
"REX",7
"RHETT",7
"RIO",7
"RODRIGO",7
"RONALD",7
"RONIT",7
"RUBEN",7
"RYDEN",7
"SAFWAN",7
"SALVATORE",7
"SAMIR",7
"SHAHEER",7
"SHAURYA",7
"SHMUEL",7
"TALHA",7
"TEJAS",7
"TEO",7
"TEODOR",7
"WESTLEY",7
"WILHELM",7
"WILL",7
"YASIN",7
"YEHUDA",7
"AARAN",6
"ABDALLAH",6
"ABDURAHMAN",6
"ABDUR-RAHMAN",6
"ABHIJOT",6
"ABUBAKAR",6
"ADEL",6
"ADONIS",6
"AKSHAY",6
"AKSHAYAN",6
"ALEN",6
"ALEXI",6
"AMAN",6
"AMANI",6
"AMAR",6
"ANDREY",6
"ANOOP",6
"ARHAAN",6
"ARIUS",6
"ARNOLD",6
"ASTON",6
"AUBREY",6
"AYUB",6
"BOAZ",6
"BOBBY",6
"BOHDAN",6
"BRADYN",6
"BRODERICK",6
"CAIN",6
"CARLO",6
"CHAEL",6
"CHAIM",6
"CHANNING",6
"CLAUDIO",6
"CORMAC",6
"DALE",6
"DALTON",6
"DEMETRIUS",6
"DESTIN",6
"DEVANSH",6
"DIMITRIOS",6
"DYSON",6
"EAMON",6
"EDMOND",6
"EDMUND",6
"EITAN",6
"ELIOTT",6
"ELTON",6
"EMIL",6
"EMIR",6
"EPHRAIM",6
"ERNEST",6
"FELIPE",6
"FORREST",6
"FYNN",6
"GAEL",6
"GARETH",6
"GAVYN",6
"GIANCARLO",6
"GILBERT",6
"GREYSEN",6
"HABIB",6
"HAIDER",6
"HAMDAN",6
"HAMZAH",6
"HANS",6
"HASHEM",6
"ILAN",6
"IZAYAH",6
"JAEDEN",6
"JAHZIAH",6
"JALAL",6
"JASHAN",6
"JAWAD",6
"JEFFERY",6
"JIA",6
"JOHNATHON",6
"JON",6
"JORDON",6
"JORGE",6
"KACPER",6
"KAMRAN",6
"KASEN",6
"KAYSEN",6
"KEIRAN",6
"KEYAAN",6
"KIAAN",6
"KYSON",6
"LAITH",6
"LAYTON",6
"LUCCA",6
"LYRIC",6
"MALIKAI",6
"MANVIR",6
"MARQUIS",6
"MARVIN",6
"MARWAN",6
"MATHEUS",6
"MATT",6
"MAXTON",6
"MAZIN",6
"MIKE",6
"MUSAB",6
"MYLO",6
"NEO",6
"NEVAN",6
"NEVIN",6
"NIAM",6
"NIKITA",6
"NOA",6
"NYLE",6
"OREN",6
"OSMAN",6
"PARSA",6
"PEARSON",6
"PETAR",6
"PIETRO",6
"PRESLEY",6
"RAFAY",6
"RAHMAN",6
"RAKAN",6
"RAMI",6
"RANVIR",6
"RIDWAN",6
"ROBERTO",6
"ROHAAN",6
"RON",6
"RYLEE",6
"SAI",6
"SAMAR",6
"SAMER",6
"SAMMY",6
"SARIM",6
"SHREY",6
"SLOAN",6
"SUFYAN",6
"SULEIMAN",6
"TAI",6
"TALAL",6
"TANISH",6
"TARIQ",6
"TAVISH",6
"TAYDEN",6
"TORIN",6
"TRISTIN",6
"UZAIR",6
"VANSH",6
"VIAAN",6
"VINCE",6
"VITO",6
"WESTIN",6
"WILFRED",6
"WILLY",6
"YASIR",6
"YUSEF",6
"ZAC",6
"ZACHERY",6
"ZAVIYAR",6
